"","Model","Scenario","Year","CO2_LUC","delta_Pasture","delta_Cropland","delta_Forest_net","Carbon_price","C_price_cat"
"8","AIM/CGE 2.0","ADVANCE_2020_1.5C-2100",2050,140.6341,-10.41544,90.43058,-98.4127999999999,1690.35207,"Yes"
"15","AIM/CGE 2.0","ADVANCE_2020_Med2C",2045,3272.3166,-2.31700000000001,6.05844000000002,4.71467999999991,156.86297,"Yes"
"30","AIM/CGE 2.0","ADVANCE_2030_Med2C",2040,-518.5929,-2.47412000000004,9.61270000000004,38.75488,303.10907,"Yes"
"37","AIM/CGE 2.0","ADVANCE_2030_Price1.5C",2035,859.3812,11.0775000000001,22.01402,29.65056,538.69442,"Yes"
"40","AIM/CGE 2.0","ADVANCE_2030_Price1.5C",2050,-1223.7435,-6.56708000000008,-5.91592000000001,21.2013199999999,1690.35207,"Yes"
"46","AIM/CGE 2.0","ADVANCE_2030_WB2C",2040,-519.1546,-2.48545999999997,9.72240000000002,38.8659000000002,305.31963,"Yes"
"61","AIM/CGE 2.0","ADVANCE_Reference",2035,4917.6671,-1.21876000000002,1.38884000000003,5.85481999999997,10.87669,"Yes"
"62","AIM/CGE 2.0","ADVANCE_Reference",2040,4699.8818,-1.12663999999995,6.10605999999998,3.3494200000001,10.86239,"Yes"
"63","AIM/CGE 2.0","ADVANCE_Reference",2045,4198.8234,-0.792500000000018,7.19888000000001,2.34636,10.88109,"Yes"
"64","AIM/CGE 2.0","ADVANCE_Reference",2050,3648.231,-0.739459999999963,6.25554000000002,2.68226000000004,10.89682,"Yes"
"85","AIM/CGE 2.1","CD-LINKS_NDC2030i_1000",2035,690.8608,-75.71198,-7.64530000000004,-30.67862,74.9275,"Yes"
"104","AIM/CGE 2.1","CD-LINKS_NPi2020_1000",2050,-3877.2278,8.17413999999999,5.71075999999998,4.9172399999999,151.4213,"Yes"
"118","AIM/CGE 2.1","CD-LINKS_NPi2020_400",2040,-3282.1946,-22.25174,11.76406,14.8462400000001,338.1782,"Yes"
"136","AIM/CGE 2.1","CO_2Deg2020",2050,-2265.2629,-2.45776000000005,27.5612199999998,11.5319799999996,119.911212836866,"Yes"
"144","AIM/CGE 2.1","CO_2Deg2030",2050,-3284.9202,-9.62263999999996,35.66884,40.4420399999998,-1764.54855723912,"No"
"152","AIM/CGE 2.1","CO_Bridge",2050,-2755.0402,-3.54178000000002,15.80332,13.0142599999998,120.788835462266,"Yes"
"171","AIM/CGE 2.1","EMF33_Med2C_cost100",2025,1291.0575,-83.2455,-9.60098000000003,-34.0319400000001,54.59146,"Yes"
"179","AIM/CGE 2.1","EMF33_Med2C_full",2025,1292.3883,-83.0026800000001,-9.57237999999998,-33.81714,54.37564,"Yes"
"181","AIM/CGE 2.1","EMF33_Med2C_full",2035,2645.1645,-28.7233800000001,-2.00252,13.2877399999998,202.40121,"Yes"
"182","AIM/CGE 2.1","EMF33_Med2C_full",2040,4746.0492,17.37196,7.27066000000004,27.9497400000001,169.65146,"Yes"
"187","AIM/CGE 2.1","EMF33_Med2C_nobeccs",2025,1292.3883,-83.0026800000001,-9.57237999999998,-33.81714,54.37564,"Yes"
"195","AIM/CGE 2.1","EMF33_Med2C_nofuel",2025,1273.6792,-83.9617200000001,-9.91059999999998,-34.8782,55.29491,"Yes"
"203","AIM/CGE 2.1","EMF33_Med2C_none",2025,1262.9389,-84.5599399999999,-10.4382,-35.6090999999999,55.86922,"Yes"
"211","AIM/CGE 2.1","EMF33_WB2C_cost100",2025,1291.0575,-83.2455,-9.60098000000003,-34.0319400000001,54.59146,"Yes"
"219","AIM/CGE 2.1","EMF33_WB2C_full",2025,1292.3883,-83.0026800000001,-9.57237999999998,-33.81714,54.37564,"Yes"
"262","AIM/CGE 2.2","EN_INDCi2030_1000f",2040,-97.7551,-25.6099,-3.76289999999999,33.27906,142.6092,"Yes"
"270","AIM/CGE 2.2","EN_INDCi2030_1200",2040,-94.0734,-24.55546,-3.73831999999998,33.4597,136.9838,"Yes"
"334","AIM/CGE 2.2","EN_INDCi2030_800f",2040,-105.3021,-27.84792,-3.59195999999997,32.8056000000001,155.1484,"Yes"
"342","AIM/CGE 2.2","EN_INDCi2030_900f",2040,-105.1742,-27.80912,-3.59825999999998,32.8154,154.9239,"Yes"
"436","AIM/CGE 2.2","EN_NPi2020_300f",2030,1064.7703,-19.93102,-4.86772000000001,37.45768,158.3653,"Yes"
"440","AIM/CGE 2.2","EN_NPi2020_300f",2050,-4504.9013,-5.73921999999993,24.68582,21.6142200000001,167.9219,"Yes"
"444","AIM/CGE 2.2","EN_NPi2020_400f",2030,1067.4419,-19.0497600000001,-5.00657999999999,38.0600399999999,153.4045,"Yes"
"448","AIM/CGE 2.2","EN_NPi2020_400f",2050,-4018.7424,-5.94129999999996,19.78404,16.4674999999999,142.4403,"Yes"
"460","AIM/CGE 2.2","EN_NPi2020_600",2030,1064.7703,-19.93102,-4.86772000000001,37.45768,158.3653,"Yes"
"464","AIM/CGE 2.2","EN_NPi2020_600",2050,-4849.5531,-3.70864000000001,23.64188,23.82208,202.727,"Yes"
"476","AIM/CGE 2.2","EN_NPi2020_700",2030,1064.7703,-19.93102,-4.86772000000001,37.45768,158.3653,"Yes"
"480","AIM/CGE 2.2","EN_NPi2020_700",2050,-4404.6976,-6.11543999999994,23.62466,19.85954,157.9811,"Yes"
"492","AIM/CGE 2.2","EN_NPi2020_800",2030,1071.5038,-17.7150000000001,-5.10700000000002,38.9571399999998,146.1539,"Yes"
"521","GCAM 4.2","ADVANCE_2020_1.5C-2100",2015,-3463.52412130267,1.01193442700005,-1.78142332299999,1.23229632820007,0,"No"
"524","GCAM 4.2","ADVANCE_2020_1.5C-2100",2030,3883.20490201967,-11.0266388907203,30.5428056287,8.02010027137967,138.699936,"Yes"
"525","GCAM 4.2","ADVANCE_2020_1.5C-2100",2035,1963.860862359,-7.52680681816,19.70488450728,5.25903132872004,177.02019,"Yes"
"528","GCAM 4.2","ADVANCE_2020_1.5C-2100",2050,-2538.97590072867,0.713144855259998,-5.35331543227999,-0.304528291420001,368.012052,"Yes"
"529","GCAM 4.2","ADVANCE_2020_Med2C",2015,-3463.52412130267,1.01193442700005,-1.78142332299999,1.23229632820007,0,"No"
"531","GCAM 4.2","ADVANCE_2020_Med2C",2025,-2600.97181447767,-1.31471224739998,0.456234167220009,1.82425177601999,34.569,"Yes"
"534","GCAM 4.2","ADVANCE_2020_Med2C",2040,1372.040389181,-4.75182726719995,12.56885172806,3.91063847386008,71.866674,"Yes"
"535","GCAM 4.2","ADVANCE_2020_Med2C",2045,1788.363123822,-5.06561830984001,12.97480840576,3.73029854871993,91.7217,"Yes"
"536","GCAM 4.2","ADVANCE_2020_Med2C",2050,793.972857898,-3.87282438443999,9.01230021350002,2.65252395086009,117.063054,"Yes"
"537","GCAM 4.2","ADVANCE_2020_WB2C",2015,-3463.52412130633,1.01193442700005,-1.78142330299997,1.23229634820009,0,"No"
"539","GCAM 4.2","ADVANCE_2020_WB2C",2025,-2666.46264469933,-2.31449194919996,-0.635938952399965,1.75931808320015,62.1,"Yes"
"541","GCAM 4.2","ADVANCE_2020_WB2C",2035,3131.913412012,-8.69424429813998,23.30103850228,6.36885144693997,101.154276,"Yes"
"542","GCAM 4.2","ADVANCE_2020_WB2C",2040,2669.27997536933,-7.06286995188002,18.56032425182,4.96077316893998,129.101346,"Yes"
"544","GCAM 4.2","ADVANCE_2020_WB2C",2050,-1716.94454814667,0.676470745659935,-4.03113877376004,-0.0113019781001182,210.292542,"Yes"
"545","GCAM 4.2","ADVANCE_2030_1.5C-2100",2015,-3463.52412131367,1.01193442700005,-1.781423283,1.23229636820006,0,"No"
"549","GCAM 4.2","ADVANCE_2030_1.5C-2100",2035,7447.71900141133,-19.5982321867999,41.937770023418,10.5226457660181,233.778762,"Yes"
"553","GCAM 4.2","ADVANCE_2030_Med2C",2015,-3463.52411026233,1.01193442700005,-1.78142332299999,1.23229632820007,0,"No"
"558","GCAM 4.2","ADVANCE_2030_Med2C",2040,1249.824383005,-4.55850068828004,12.0519127785,3.7859757208199,68.853996,"Yes"
"559","GCAM 4.2","ADVANCE_2030_Med2C",2045,1327.60992152433,-4.43800226011999,11.26199115772,3.36998804120008,87.877296,"Yes"
"560","GCAM 4.2","ADVANCE_2030_Med2C",2050,535.364160034,-3.49221800123996,8.02732218994001,2.4607206145,112.155912,"Yes"
"561","GCAM 4.2","ADVANCE_2030_Price1.5C",2015,-3463.52412130633,1.01193442700005,-1.78142330299997,1.23229634820009,0,"No"
"565","GCAM 4.2","ADVANCE_2030_Price1.5C",2035,8429.854079669,-19.2215494682599,44.221491783138,10.976861260278,177.02019,"Yes"
"568","GCAM 4.2","ADVANCE_2030_Price1.5C",2050,-2623.325643191,0.731447960439982,-5.41756130489998,-0.318296054060056,368.012052,"Yes"
"569","GCAM 4.2","ADVANCE_2030_WB2C",2015,-3463.52411026233,1.01193442700005,-1.78142332299999,1.23229632820007,0,"No"
"573","GCAM 4.2","ADVANCE_2030_WB2C",2035,2435.85323577933,-8.81598468328002,19.656180049836,5.86122527315606,107.897922,"Yes"
"574","GCAM 4.2","ADVANCE_2030_WB2C",2040,2648.01489360833,-7.09469987543998,18.6346688911,4.95313639585997,137.708406,"Yes"
"576","GCAM 4.2","ADVANCE_2030_WB2C",2050,-1789.725626491,0.699254526140248,-4.22830464211997,-0.0554004023797008,224.312238,"Yes"
"577","GCAM 4.2","ADVANCE_NoPolicy",2015,-3463.52412130267,1.01193444700002,-1.78142330299997,1.23229636820006,0,"No"
"578","GCAM 4.2","ADVANCE_NoPolicy",2020,-1583.75951284467,-2.01998260220007,6.86832404391998,3.3029513611199,0,"No"
"579","GCAM 4.2","ADVANCE_NoPolicy",2025,-1394.13745837667,-1.42044197999994,5.22583715106002,2.82177719386009,0,"No"
"583","GCAM 4.2","ADVANCE_NoPolicy",2045,12.3978358863333,-1.12309826886003,3.99105196972,2.01246439445999,0,"No"
"584","GCAM 4.2","ADVANCE_NoPolicy",2050,-349.908252470333,-0.448187561819941,2.05789878430001,1.43904671988007,0,"No"
"585","GCAM 5.2","NGFS1_Immediate 2C with CDR (Orderly, Rep)",2015,3260.792354,-8.88625620000002,11.4157352,-0.456579599999985,0,"No"
"587","GCAM 5.2","NGFS1_Immediate 2C with CDR (Orderly, Rep)",2025,1695.792281,-10.1087704000001,-9.99074759999999,-7.68000001230007e-05,96.564761154785,"Yes"
"589","GCAM 5.2","NGFS1_Immediate 2C with CDR (Orderly, Rep)",2035,130.7922081,-11.2384486000001,13.13777,3.13999998973191e-05,157.2934717046,"Yes"
"590","GCAM 5.2","NGFS1_Immediate 2C with CDR (Orderly, Rep)",2040,-651.7078284,-10.8808133999999,13.5313354,-6.11999998918478e-05,200.7508453412,"Yes"
"592","GCAM 5.2","NGFS1_Immediate 2C with CDR (Orderly, Rep)",2050,-685.0621793,-8.88025980000002,11.12047,3.67999999522084e-05,327.0018850329,"Yes"
"594","GCAM 5.3","NGFS2_Delayed Transition",2020,6623.398001,-3.73700000000008,8.86999999999998,5.05239999999994,0,"No"
"595","GCAM 5.3","NGFS2_Delayed Transition",2025,5454.835362,-3.03679999999986,7.33359999999998,4.41580000000008,0,"No"
"597","GCAM 5.3","NGFS2_Delayed Transition",2035,3117.710086,-1.86599999999999,0.28159999999998,3.58299999999999,151.04425105,"Yes"
"600","GCAM 5.3","NGFS2_Delayed Transition",2050,-387.9778286,0.343600000000151,-6.27159999999999,0.458000000000129,786.0282815,"Yes"
"602","GCAM 5.3","NGFS2_Divergent Net Zero Policies",2020,6623.398001,-3.73700000000008,8.86999999999998,5.05239999999994,0,"No"
"603","GCAM 5.3","NGFS2_Divergent Net Zero Policies",2025,4396.984121,1.09600000000009,-17.5216,2.19360000000011,228.07984815,"Yes"
"606","GCAM 5.3","NGFS2_Divergent Net Zero Policies",2040,-2282.257519,-0.556999999999971,-1.54079999999999,0.723200000000042,470.9555543,"Yes"
"607","GCAM 5.3","NGFS2_Divergent Net Zero Policies",2045,-4508.671399,0.311399999999958,-7.66680000000001,-1.42340000000008,827.4915187,"Yes"
"609","GCAM 5.3","NGFS2_Nationally Determined Contributions (NDCs)",2020,6589.671985,-3.61840000000011,8.55839999999998,4.91459999999988,0,"No"
"610","GCAM 5.3","NGFS2_Nationally Determined Contributions (NDCs)",2025,5383.349881,-2.50119999999988,4.84299999999998,3.83180000000016,33.65302941,"Yes"
"611","GCAM 5.3","NGFS2_Nationally Determined Contributions (NDCs)",2030,4177.027777,-1.98899999999994,2.73879999999999,4.14899999999998,89.377153635,"Yes"
"617","GCAM 5.3","NGFS2_Net-Zero 2050",2020,6627.812468,-3.75640000000003,8.91899999999996,5.07199999999993,0,"No"
"618","GCAM 5.3","NGFS2_Net-Zero 2050",2025,3542.857063,-0.0538000000000466,-15.856,2.748,68.187703045,"Yes"
"619","GCAM 5.3","NGFS2_Net-Zero 2050",2030,457.9016576,-2.86859999999997,1.28980000000001,2.60039999999999,108.14883464,"Yes"
"620","GCAM 5.3","NGFS2_Net-Zero 2050",2035,-2627.053748,-5.07099999999991,6.4058,3.81160000000009,153.7583509,"Yes"
"621","GCAM 5.3","NGFS2_Net-Zero 2050",2040,-5712.009153,-2.9652,3.29279999999999,2.10860000000002,195.1197633,"Yes"
"622","GCAM 5.3","NGFS2_Net-Zero 2050",2045,-5341.114315,1.78359999999993,-8.84059999999999,-2.25240000000003,298.8122445,"Yes"
"623","GCAM 5.3","NGFS2_Net-Zero 2050",2050,-4970.219476,2.89860000000008,-13.2752,-3.91319999999991,627.72901345,"Yes"
"630","IMAGE 3.0","CO_2Deg2020",2045,3759.80072999405,-0.736840000000029,16.40624,18.0338000000002,754.573036431064,"Yes"
"631","IMAGE 3.0","CO_2Deg2020",2050,3047.20352617786,-0.842159999999967,1.50367999999999,6.25207999999984,882.075346372132,"Yes"
"638","IMAGE 3.0","CO_2Deg2030",2045,3604.85428604473,-0.792799999999988,20.01016,21.3192,754.573036431064,"Yes"
"639","IMAGE 3.0","CO_2Deg2030",2050,3706.46452440737,-0.789879999999994,10.47464,14.78132,882.075346372132,"Yes"
"655","IMAGE 3.0","CO_Bridge",2050,2967.76041415491,-0.98732,11.00964,14.16984,882.075346372132,"Yes"
"775","IMAGE 3.0","EN_NPi2020_1000f",2050,4276.66450082398,-0.868119999999999,25.20572,29.30104,121.317877984366,"Yes"
"831","IMAGE 3.0","EN_NPi2020_600f",2050,5725.45786750709,-0.977239999999983,28.44876,32.4021600000001,855.61305647795,"Yes"
"839","IMAGE 3.0","EN_NPi2020_800",2050,2583.28049405058,-0.881640000000152,27.4122799999998,31.3066399999996,882.075346372132,"Yes"
"912","IMAGE 3.0.1","ADVANCE_NoPolicy",2015,2865.93965715395,3.96244000000006,7.23822,2.5661000000001,0,"No"
"917","IMAGE 3.0.1","ADVANCE_NoPolicy",2040,5107.75072422367,1.91923999999999,6.81996000000004,4.21488000000004,0,"No"
"918","IMAGE 3.0.1","ADVANCE_NoPolicy",2045,4679.38108288072,2.83504000000003,5.5252,3.45440000000003,0,"No"
"919","IMAGE 3.0.1","ADVANCE_NoPolicy",2050,3944.82347405056,1.67039999999997,3.28407999999999,2.82935999999991,0,"No"
"928","IMAGE 3.0.1","CD-LINKS_INDC2030i_1600",2015,2634.96519649141,2.69407999999985,7.48584000000001,6.83343999999988,0,"No"
"935","IMAGE 3.0.1","CD-LINKS_INDC2030i_1600",2050,3340.83834320876,1.10860000000002,7.51776,8.44036000000006,171.44712974753,"Yes"
"936","IMAGE 3.0.1","CD-LINKS_INDCi",2015,2635.06682241076,2.64204,7.52889999999998,2.22901999999995,0,"No"
"944","IMAGE 3.0.1","CD-LINKS_NDC2030i_1000",2015,2807.80277426734,0.742519999999968,6.80128,4.81539999999991,0,"No"
"951","IMAGE 3.0.1","CD-LINKS_NDC2030i_1000",2050,3479.724094588,-0.852760000000035,7.42736000000004,11.91412,882.075346372132,"Yes"
"952","IMAGE 3.0.1","CD-LINKS_NPi",2015,2634.88728328658,2.69407999999985,7.48584000000001,6.83343999999988,0,"No"
"960","IMAGE 3.0.1","CD-LINKS_NPi2020_1000",2015,2807.80594324762,0.742519999999968,6.80128,4.81539999999991,0,"No"
"966","IMAGE 3.0.1","CD-LINKS_NPi2020_1000",2045,3915.16053463845,-0.782319999999981,17.63148,18.8812400000001,477.3772418,"Yes"
"967","IMAGE 3.0.1","CD-LINKS_NPi2020_1000",2050,2595.91486328598,-0.852639999999974,-4.27811999999999,0.749559999999974,377.8842494,"Yes"
"968","IMAGE 3.0.1","CD-LINKS_NPi2020_1600",2015,2634.96781909578,2.69407999999985,7.48584000000001,6.83343999999988,0,"No"
"975","IMAGE 3.0.1","CD-LINKS_NPi2020_1600",2050,2861.74818899421,1.27839999999997,3.03384000000001,4.46200000000003,106.8662669,"Yes"
"976","IMAGE 3.0.1","CD-LINKS_NPi2020_400",2015,2645.36483361531,-1.84843999999994,6.11893999999998,1.57146000000007,0,"No"
"984","IMAGE 3.0.1","CD-LINKS_NoPolicy",2015,2658.85329767398,6.32300000000005,5.78991999999998,7.60667999999996,0,"No"
"991","IMAGE 3.0.1","CD-LINKS_NoPolicy",2050,3057.37838425218,2.50536000000002,1.76911999999998,1.60463999999997,0,"No"
"1021","IMAGE 3.2","SSP1_SPA1_19I_LI",2040,-5226.26247304506,-22.77884,8.21448,6.25323999999991,100.832383203356,"Yes"
"1026","IMAGE 3.2","SSP1_SPA1_19I_LIRE",2035,-3561.37675079297,-24.61064,5.12883999999999,0.506440000000062,100.934528185071,"Yes"
"1027","IMAGE 3.2","SSP1_SPA1_19I_LIRE",2040,-5135.05162593714,-22.7748399999999,8.9076,6.82507999999998,101.981378257165,"Yes"
"1028","IMAGE 3.2","SSP1_SPA1_19I_LIRE",2045,-5740.19706798126,-26.9526800000001,2.27260000000001,-2.53047999999994,121.214903072434,"Yes"
"1063","IMAGE 3.2","SSP1_SPA1_26I_LI",2035,-3735.664055091,-24.6587200000001,3.19172000000003,-1.23940000000007,43.5108580068711,"Yes"
"1064","IMAGE 3.2","SSP1_SPA1_26I_LI",2040,-5408.97082338232,-22.78132,2.82779999999998,1.30280000000007,46.9077617944675,"Yes"
"1069","IMAGE 3.2","SSP1_SPA1_26I_LIRE",2035,-3728.24793094514,-24.6713199999999,3.60498000000002,-0.854499999999781,49.7014118318571,"Yes"
"1070","IMAGE 3.2","SSP1_SPA1_26I_LIRE",2040,-5380.57599513967,-22.74632,3.40099999999998,1.72163999999989,47.4193303049725,"Yes"
"1091","IMAGE 3.2","SSP1_SPA1_34I_LI",2035,-3706.12997843738,-24.6657200000001,3.61678000000002,-0.950700000000143,1.74834426391704,"Yes"
"1092","IMAGE 3.2","SSP1_SPA1_34I_LI",2040,-5603.14910661455,-22.78528,1.51068,0.233320000000049,0.847308106641695,"Yes"
"1097","IMAGE 3.2","SSP1_SPA1_34I_LIRE",2035,-3693.19594933388,-24.68988,3.60999999999999,-0.964919999999939,1.20930913470552,"Yes"
"1098","IMAGE 3.2","SSP1_SPA1_34I_LIRE",2040,-5603.4497226405,-22.79484,1.23312000000001,-0.0231600000002352,0,"No"
"1112","IMAGE 3.2","SSP2-baseline",2040,5651.13926978623,4.41592000000001,11.09696,10.01008,0,"No"
"1113","IMAGE 3.2","SSP2-baseline",2045,6238.68288404834,3.88184000000001,8.5846,7.80540000000005,0,"No"
"1114","IMAGE 3.2","SSP2-baseline",2050,6160.69507158178,4.00248000000001,10.662,11.00848,0,"No"
"1129","IMAGE 3.2","SSP2_SPA1_19I_D_LB",2045,-176.197270568335,-12.20564,-5.56271999999999,-4.04787999999999,876,"Yes"
"1145","IMAGE 3.2","SSP2_SPA1_19I_RE_LB",2045,-307.315851279222,-12.21904,-4.71352000000002,-3.26288000000009,876,"Yes"
"1177","IMAGE 3.2","SSP2_SPA2_19I_RE",2045,2163.36197674073,-11.69964,11.14952,12.5912400000001,867.841392697396,"Yes"
"1249","IMAGE 3.2","SSP2_SPA2_45I_D",2045,3817.60899508929,-1.79372000000003,4.74043999999999,1.32783999999997,22,"Yes"
"1250","IMAGE 3.2","SSP2_SPA2_45I_D",2050,3151.59880646905,-1.75172000000002,7.56759999999999,6.25308,26,"Yes"
"1273","IMAGE 3.2","SSP2_SPA2_45I_RE",2045,4863.00201758248,1.92255999999998,5.58607999999999,4.98136,20,"Yes"
"1274","IMAGE 3.2","SSP2_SPA2_45I_RE",2050,4069.34524861216,1.97480000000005,6.28452000000002,6.20340000000001,17,"Yes"
"1275","MESSAGEix-GLOBIOM 1.0","LowEnergyDemand_1.3_IPCC",2015,5862.49986666667,3.48495999999977,1.30066000000002,1.8335999999998,0,"No"
"1276","MESSAGEix-GLOBIOM 1.0","LowEnergyDemand_1.3_IPCC",2020,5470.96916666667,3.48498000000027,1.30056,1.83346000000033,2.50311115730943,"Yes"
"2327","MESSAGEix-GLOBIOM_1.1","EN_NPi2020_450",2025,2542.18817124184,-38.0272122222765,-3.26118449877717,-28.8509969178238,1456.40329279355,"Yes"
"2331","MESSAGEix-GLOBIOM_1.1","EN_NPi2020_450",2045,-2401.60806547393,-19.5894702589324,-0.572486392485189,-8.4552405891759,2261.98288716638,"Yes"
"2332","MESSAGEix-GLOBIOM_1.1","EN_NPi2020_450",2050,-2917.93491722077,-16.1867045885489,-1.74534305263282,-6.32207984349248,2411.9626776805,"Yes"
"2803","REMIND-MAgPIE 1.7-3.0","CD-LINKS_INDC2030i_400",2045,-3454.2143,-31.80188,21.28668,0.00158000000014979,340.2453,"Yes"
"2804","REMIND-MAgPIE 1.7-3.0","CD-LINKS_INDC2030i_400",2050,-5205.5501,-27.9823,23.1205,0.0161599999999469,434.2627,"Yes"
"2924","REMIND-MAgPIE 1.7-3.0","EMF33_1.5C_cost100",2050,4158.6836,-24.93928,24.92614,-0.000179999999954106,346.60791,"Yes"
"3028","REMIND-MAgPIE 1.7-3.0","EMF33_WB2C_nobeccs",2050,2998.4863,-16.36714,16.44998,0.095799999999965,648.15377,"Yes"
"3044","REMIND-MAgPIE 1.7-3.0","EMF33_WB2C_none",2050,821.3562,-6.4616,6.27598000000003,-0.0432999999999538,1105.36338,"Yes"
"3084","REMIND-MAgPIE 1.7-3.0","PEP_1p5C_full_NDC",2050,-5625.0278,-31.8392,20.94436,0.00623999999997871,456.4039,"Yes"
"3100","REMIND-MAgPIE 1.7-3.0","PEP_1p5C_full_goodpractice",2050,-4760.6848,-26.1264800000001,18.94778,-0.00136000000006664,406.5959,"Yes"
"3113","REMIND-MAgPIE 1.7-3.0","PEP_1p5C_red_eff",2035,-3327.7735,-18.93298,18.9435,0.0104599999999671,539.4998,"Yes"
"3114","REMIND-MAgPIE 1.7-3.0","PEP_1p5C_red_eff",2040,-4995.8345,-13.7917600000001,13.7917,-6.00000000758882e-05,718.4883,"Yes"
"3115","REMIND-MAgPIE 1.7-3.0","PEP_1p5C_red_eff",2045,-5742.6787,-9.73881999999994,9.73995999999997,0.00394000000005619,917.0005,"Yes"
"3116","REMIND-MAgPIE 1.7-3.0","PEP_1p5C_red_eff",2050,-4785.5628,-7.67121999999999,7.66852000000003,0.0155200000001512,1170.2642,"Yes"
"3226","REMIND-MAgPIE 1.7-3.0","SMP_2C_lifesty",2040,-4097.642,-11.4509999999999,-2.74458,-2.42841999999996,69.2397,"Yes"
"3227","REMIND-MAgPIE 1.7-3.0","SMP_2C_lifesty",2045,-5769.68,-10.78226,-0.198239999999987,-0.221559999999954,88.3695,"Yes"
"3244","REMIND-MAgPIE 2.0-4.1","Diff_1300Gt_hybrid_def",2015,3551.8594,-4.20484000000006,7.59414000000002,3.4378799999999,1.8241,"Yes"
"3246","REMIND-MAgPIE 2.0-4.1","Diff_1300Gt_hybrid_def",2025,4843.9901,-5.26037999999999,-1.85574000000001,4.93892000000001,57.6426,"Yes"
"3249","REMIND-MAgPIE 2.0-4.1","Diff_1300Gt_hybrid_def",2040,-173.3173,-12.64588,1.60382,-3.57550000000001,109.5888,"Yes"
"3251","REMIND-MAgPIE 2.0-4.1","Diff_1300Gt_hybrid_def",2050,-2097.7693,-16.9905000000001,0.983219999999983,-1.48336000000008,182.4687,"Yes"
"3252","REMIND-MAgPIE 2.0-4.1","Diff_1300Gt_no-transfer_def",2015,3551.8594,-4.20484000000006,7.59414000000002,3.4378799999999,1.8241,"Yes"
"3254","REMIND-MAgPIE 2.0-4.1","Diff_1300Gt_no-transfer_def",2025,4566.2018,-5.58442000000005,-3.58532,4.7059999999999,253.3916,"Yes"
"3255","REMIND-MAgPIE 2.0-4.1","Diff_1300Gt_no-transfer_def",2030,4224.7479,-2.74016000000001,0.266220000000021,2.94088000000006,249.1874,"Yes"
"3256","REMIND-MAgPIE 2.0-4.1","Diff_1300Gt_no-transfer_def",2035,4304.0187,-5.93822,1.18679999999999,1.7866199999999,301.5269,"Yes"
"3257","REMIND-MAgPIE 2.0-4.1","Diff_1300Gt_no-transfer_def",2040,3963.036,-22.01956,1.30193999999997,-8.24703999999988,378.5268,"Yes"
"3259","REMIND-MAgPIE 2.0-4.1","Diff_1300Gt_no-transfer_def",2050,-2713.6459,-20.97246,4.61008000000002,-1.64201999999986,611.3778,"Yes"
"3260","REMIND-MAgPIE 2.0-4.1","Diff_1300Gt_uniform-pricing_def",2015,3551.8594,-4.20484000000006,7.59414000000002,3.4378799999999,1.8241,"Yes"
"3267","REMIND-MAgPIE 2.0-4.1","Diff_1300Gt_uniform-pricing_def",2050,-1952.5976,-17.8549,1.00790000000002,-8.81515999999997,164.4161,"Yes"
"3268","REMIND-MAgPIE 2.0-4.1","Diff_No-policy_baseline",2015,3581.2016,-4.30724,7.37836000000002,2.54726000000005,1.2159,"Yes"
"3272","REMIND-MAgPIE 2.0-4.1","Diff_No-policy_baseline",2035,4714.6817,-2.06482000000005,6.22754000000004,-1.33591999999999,0,"No"
"3273","REMIND-MAgPIE 2.0-4.1","Diff_No-policy_baseline",2040,4522.2472,-4.87817999999997,6.27883999999999,-5.25716000000007,0,"No"
"3274","REMIND-MAgPIE 2.0-4.1","Diff_No-policy_baseline",2045,3752.6498,-6.28094000000001,6.99361999999996,-3.05895999999998,0,"No"
"3275","REMIND-MAgPIE 2.0-4.1","Diff_No-policy_baseline",2050,3023.2961,-9.51376,7.68182000000002,-3.76399999999999,0,"No"
"3544","REMIND-MAgPIE 2.1-4.2","EN_INDCi2030_600_COV",2035,-98.7886,-2.61575999999995,2.45956000000001,-0.0488799999998717,2037.1166,"Yes"
"3545","REMIND-MAgPIE 2.1-4.2","EN_INDCi2030_600_COV",2040,84.2427,-13.72616,13.80322,0.252880000000003,2600.0009,"Yes"
"3553","REMIND-MAgPIE 2.1-4.2","EN_INDCi2030_600_COV_NDCp",2040,148.3871,-13.0693,13.10162,0.208140000000002,2155.7329,"Yes"
"3592","REMIND-MAgPIE 2.1-4.2","EN_INDCi2030_700",2035,3844.2268,-7.46912000000002,7.16813999999999,-0.0445799999999961,960.6276,"Yes"
"4088","REMIND-MAgPIE 2.1-4.3","DeepElec_SSP2_Base",2035,5494.5743,-0.457799999999952,14.16948,2.40930000000003,0,"No"
"4089","REMIND-MAgPIE 2.1-4.3","DeepElec_SSP2_Base",2040,5768.8405,-2.66662000000006,17.18922,8.19281999999994,0,"No"
"4090","REMIND-MAgPIE 2.1-4.3","DeepElec_SSP2_Base",2045,5729.114,0.0993800000000192,8.30555999999997,1.93546000000006,0,"No"
"4091","REMIND-MAgPIE 2.1-4.3","DeepElec_SSP2_Base",2050,5724.695,-0.419899999999961,11.59204,1.83364000000002,0,"No"
"4096","REMIND-MAgPIE 2.1-4.3","DeepElec_SSP2_Npi",2035,5929.803,0.179979999999978,14.6331,0.750140000000011,1.7451,"Yes"
"4097","REMIND-MAgPIE 2.1-4.3","DeepElec_SSP2_Npi",2040,6300.0348,-1.56953999999996,16.88078,7.34654,2.1497,"Yes"
"4098","REMIND-MAgPIE 2.1-4.3","DeepElec_SSP2_Npi",2045,6161.8376,0.261119999999937,9.89246000000003,2.20655999999999,2.6016,"Yes"
"4099","REMIND-MAgPIE 2.1-4.3","DeepElec_SSP2_Npi",2050,5830.633,0.341160000000036,12.17652,7.38797999999997,3.134,"Yes"
"4136","WITCH 5.0","CO_2Deg2030",2035,-1611.40355513924,-119.779942547374,-20.3741844749918,-82.5931166592094,203.544533404725,"Yes"
"4176","WITCH 5.0","EN_INDCi2030_1000",2035,-1484.36491066771,-93.955566690065,-11.8009438338332,-56.0117727845037,107.680005034659,"Yes"
"4432","WITCH 5.0","EN_INDCi2030_500f",2035,-1608.41266467333,-118.429359020743,-20.2521809521618,-83.6535641027851,238.729522751411,"Yes"
"4440","WITCH 5.0","EN_INDCi2030_600f",2035,-1606.36572325386,-113.739815138015,-19.303623934873,-79.867553553319,181.221275839486,"Yes"
"4456","WITCH 5.0","EN_INDCi2030_700f",2035,-1583.96079428901,-105.119358716275,-15.855363650063,-69.3988416448908,145.517727298768,"Yes"
"4472","WITCH 5.0","EN_INDCi2030_800",2035,-1614.48692021678,-118.268510259075,-21.0989117398968,-85.3674096403235,207.098837111019,"Yes"
"4480","WITCH 5.0","EN_INDCi2030_800_NDCp",2035,-1610.131602524,-80.2411865396321,-17.8482744790632,-67.3515326354872,190.258803338624,"Yes"
"4488","WITCH 5.0","EN_INDCi2030_800f",2035,-1504.02646229284,-98.9002536006692,-13.2282975901004,-61.6054880182466,119.56833412209,"Yes"
"4504","WITCH 5.0","EN_INDCi2030_900",2035,-1581.26257975361,-103.798731911221,-15.2984466898214,-67.7372516977133,140.000278687063,"Yes"
"4686","WITCH 5.0","EN_NPi2020_450",2025,-358.754513746631,-91.0947779966394,-15.2395271558708,-70.0748985889988,287.216040861595,"Yes"
"4702","WITCH 5.0","EN_NPi2020_500",2025,-344.679555501252,-90.5488853089194,-18.8552585120798,-77.3321950805698,199.608031228844,"Yes"
"4784","WITCH-GLOBIOM 4.4","CD-LINKS_INDC2030i_1600",2035,-1526.56500304903,-85.664132527436,-18.5142672961018,-53.545046746984,91.099110074207,"Yes"
"4800","WITCH-GLOBIOM 4.4","CD-LINKS_NDC2030i_1000",2035,-1707.45161769048,-126.755004276804,-29.6387369308042,-99.4179012100903,223.884695337335,"Yes"
"4809","WITCH-GLOBIOM 4.4","CD-LINKS_NPi",2040,2291.95467932403,4.32662476834994,2.8808418270464,5.53975756152238,1.444252414,"Yes"
"4810","WITCH-GLOBIOM 4.4","CD-LINKS_NPi",2045,2111.29688169399,4.12944340541399,2.440992547266,5.76985236285802,1.372872305,"Yes"
"4811","WITCH-GLOBIOM 4.4","CD-LINKS_NPi",2050,1895.23088856918,4.12723324386407,2.4601337138798,5.76697180961182,1.251129059,"Yes"
"4830","WITCH-GLOBIOM 4.4","CD-LINKS_NPi2020_400",2025,-348.476019634777,-96.852104727062,-21.7422376177206,-90.3852015233027,273.1456423,"Yes"
